Project Name,Package Name,Type Name,LCOM1,LCOM2,LCOM3,LCOM4,LCOM5,YALCOM
java,org.apache.commons.collections4.trie,UnmodifiableTrie,120.0,0.0,6.0,6.0,0.6153846153846154,0.2222222222222222
java,org.apache.commons.collections4.trie,AbstractPatriciaTrie,10879.0,9977.0,61.0,46.0,0.9691027926322044,0.14935064935064934
java,org.apache.commons.collections4.trie,AbstractRangeMap,171.0,171.0,19.0,4.0,1.0,0.21052631578947367
java,org.apache.commons.collections4.trie,AbstractTrieIterator,8.0,1.0,2.0,1.0,0.6666666666666667,0.0
java,org.apache.commons.collections4.trie,EntrySet,15.0,0.0,6.0,5.0,0.0,0.8333333333333334
java,org.apache.commons.collections4.trie,EntryIterator,0.0,0.0,1.0,1.0,0.0,0.0
java,org.apache.commons.collections4.trie,KeySet,15.0,0.0,6.0,5.0,0.0,0.8333333333333334
java,org.apache.commons.collections4.trie,KeyIterator,0.0,0.0,1.0,1.0,0.0,0.0
java,org.apache.commons.collections4.trie,PrefixRangeEntrySet,40.0,25.0,2.0,2.0,0.85,0.18181818181818182
java,org.apache.commons.collections4.trie,EntryIterator,2.0,0.0,1.0,1.0,0.6,0.0
java,org.apache.commons.collections4.trie,SingletonIterator,1.0,0.0,1.0,1.0,0.3333333333333333,0.0
java,org.apache.commons.collections4.trie,PrefixRangeMap,79.0,53.0,6.0,5.0,0.7857142857142857,0.26666666666666666
java,org.apache.commons.collections4.trie,RangeEntryMap,19.0,0.0,2.0,2.0,0.5555555555555556,0.2
java,org.apache.commons.collections4.trie,RangeEntrySet,27.0,18.0,4.0,4.0,0.84375,0.4444444444444444
java,org.apache.commons.collections4.trie,EntryIterator,0.0,0.0,1.0,1.0,-0.0,0.0
java,org.apache.commons.collections4.trie,Reference,0.0,0.0,1.0,1.0,-0.0,0.0
java,org.apache.commons.collections4.trie,TrieEntry,7.0,4.0,3.0,2.0,0.75,0.0
java,org.apache.commons.collections4.trie,TrieMapIterator,22.0,16.0,5.0,4.0,0.5714285714285714,0.0
java,org.apache.commons.collections4.trie,Values,15.0,0.0,6.0,5.0,0.0,0.8333333333333334
java,org.apache.commons.collections4.trie,ValueIterator,0.0,0.0,1.0,1.0,0.0,0.0
java,org.apache.commons.collections4.trie,PatriciaTrie,1.0,0.0,2.0,2.0,2.0,1.0
java,org.apache.commons.collections4.trie,AbstractBitwiseTrie,92.0,13.0,4.0,3.0,0.7888888888888889,0.15789473684210525
java,org.apache.commons.collections4.trie,BasicEntry,12.0,0.0,2.0,1.0,0.625,0.0
java,org.apache.commons.collections4.trie,KeyAnalyzer,45.0,0.0,10.0,10.0,1.0277777777777777,1.0
java,org.apache.commons.collections4.trie.analyzer,StringKeyAnalyzer,21.0,0.0,7.0,6.0,0.9166666666666666,0.2857142857142857
java,org.apache.commons.collections4,Predicate,1.0,0.0,2.0,1.0,0.0,-1.0
java,org.apache.commons.collections4,ListUtils,510.0,279.0,11.0,11.0,0.7828947368421053,0.2564102564102564
java,org.apache.commons.collections4,CharSequenceAsList,0.0,0.0,1.0,1.0,-0.0,0.0
java,org.apache.commons.collections4,LcsVisitor,7.0,4.0,3.0,3.0,0.5,0.6
java,org.apache.commons.collections4,Partition,0.0,0.0,1.0,1.0,0.16666666666666666,0.0
java,org.apache.commons.collections4,OrderedMapIterator,1.0,0.0,2.0,2.0,0.0,-1.0
java,org.apache.commons.collections4,IterableUtils,963.0,0.0,19.0,17.0,0.6451612903225806,0.2698412698412698
java,org.apache.commons.collections4,UnmodifiableIterable,0.0,0.0,1.0,1.0,-0.0,0.0
java,org.apache.commons.collections4,SortedBidiMap,1.0,0.0,2.0,2.0,0.0,-1.0
java,org.apache.commons.collections4,ResettableIterator,0.0,0.0,1.0,1.0,0.0,-1.0
java,org.apache.commons.collections4,MultiMap,21.0,0.0,7.0,7.0,0.0,-1.0
java,org.apache.commons.collections4,FactoryUtils,21.0,0.0,7.0,7.0,0.0,1.0
java,org.apache.commons.collections4,BoundedCollection,1.0,0.0,2.0,2.0,0.0,-1.0
java,org.apache.commons.collections4,MapIterator,15.0,0.0,6.0,6.0,0.0,-1.0
java,org.apache.commons.collections4,IterableGet,0.0,0.0,1.0,1.0,0.0,-1.0
java,org.apache.commons.collections4,TrieUtils,1.0,0.0,2.0,2.0,0.0,1.0
java,org.apache.commons.collections4,Closure,1.0,0.0,2.0,1.0,0.0,-1.0
java,org.apache.commons.collections4,TransformerUtils,276.0,0.0,24.0,24.0,0.0,1.0
java,org.apache.commons.collections4,ResettableListIterator,0.0,0.0,0.0,0.0,0.0,-1.0
java,org.apache.commons.collections4,ComparatorUtils,55.0,0.0,11.0,11.0,0.75,0.5454545454545454
java,org.apache.commons.collections4,BagUtils,66.0,0.0,12.0,12.0,1.0,1.0
java,org.apache.commons.collections4,IterableMap,0.0,0.0,0.0,0.0,0.0,-1.0
java,org.apache.commons.collections4,ListValuedMap,1.0,0.0,2.0,2.0,0.0,-1.0
java,org.apache.commons.collections4,IteratorUtils,3081.0,0.0,79.0,78.0,1.0085470085470085,0.9746835443037974
java,org.apache.commons.collections4,SortedBag,3.0,0.0,3.0,3.0,0.0,-1.0
java,org.apache.commons.collections4,PredicateUtils,435.0,0.0,30.0,30.0,0.0,1.0
java,org.apache.commons.collections4,OrderedBidiMap,0.0,0.0,1.0,1.0,0.0,-1.0
java,org.apache.commons.collections4,SetUtils,861.0,0.0,42.0,42.0,1.0,1.0
java,org.apache.commons.collections4,SetView,10.0,0.0,5.0,2.0,0.0,0.4
java,org.apache.commons.collections4,Equator,1.0,0.0,2.0,2.0,0.0,-1.0
java,org.apache.commons.collections4,OrderedMap,10.0,0.0,5.0,5.0,0.0,-1.0
java,org.apache.commons.collections4,Put,3.0,0.0,3.0,3.0,0.0,-1.0
java,org.apache.commons.collections4,MapUtils,4371.0,0.0,94.0,90.0,1.0053763440860215,0.9574468085106383
java,org.apache.commons.collections4,EnumerationUtils,15.0,0.0,6.0,6.0,0.0,1.0
java,org.apache.commons.collections4,ArrayUtils,6.0,0.0,4.0,3.0,0.0,0.75
java,org.apache.commons.collections4,Trie,0.0,0.0,1.0,1.0,0.0,-1.0
java,org.apache.commons.collections4,Get,36.0,0.0,9.0,9.0,0.0,-1.0
java,org.apache.commons.collections4,SetValuedMap,1.0,0.0,2.0,2.0,0.0,-1.0
java,org.apache.commons.collections4,OrderedIterator,1.0,0.0,2.0,2.0,0.0,-1.0
java,org.apache.commons.collections4,ClosureUtils,136.0,0.0,17.0,16.0,0.0,0.9411764705882353
java,org.apache.commons.collections4,Transformer,1.0,0.0,2.0,1.0,0.0,-1.0
java,org.apache.commons.collections4,BoundedMap,1.0,0.0,2.0,2.0,0.0,-1.0
java,org.apache.commons.collections4,CollectionUtils,3601.0,3547.0,69.0,64.0,0.9862745098039215,0.7441860465116279
java,org.apache.commons.collections4,CardinalityHelper,19.0,17.0,5.0,2.0,0.8333333333333334,0.2857142857142857
java,org.apache.commons.collections4,EquatorWrapper,0.0,0.0,1.0,1.0,0.16666666666666666,0.0
java,org.apache.commons.collections4,SetOperationCardinalityHelper,2.0,0.0,1.0,1.0,0.5,0.0
java,org.apache.commons.collections4,KeyValue,1.0,0.0,2.0,2.0,0.0,-1.0
java,org.apache.commons.collections4,Unmodifiable,0.0,0.0,0.0,0.0,0.0,-1.0
java,org.apache.commons.collections4,QueueUtils,15.0,0.0,6.0,6.0,1.0,1.0
java,org.apache.commons.collections4,SplitMapUtils,428.0,295.0,13.0,13.0,0.6818181818181818,0.38235294117647056
java,org.apache.commons.collections4,WrappedGet,42.0,0.0,4.0,4.0,0.2,0.25
java,org.apache.commons.collections4,WrappedPut,90.0,75.0,10.0,10.0,0.6428571428571429,0.6666666666666666
java,org.apache.commons.collections4,IterableSortedMap,0.0,0.0,0.0,0.0,0.0,-1.0
java,org.apache.commons.collections4,MultiValuedMap,171.0,0.0,19.0,19.0,0.0,-1.0
java,org.apache.commons.collections4,BidiMap,10.0,0.0,5.0,5.0,0.0,-1.0
java,org.apache.commons.collections4,FunctorException,6.0,0.0,4.0,4.0,1.3333333333333333,1.0
java,org.apache.commons.collections4,Bag,55.0,0.0,11.0,11.0,0.0,-1.0
java,org.apache.commons.collections4,MultiSetUtils,10.0,0.0,5.0,5.0,1.0,1.0
java,org.apache.commons.collections4,FluentIterable,210.0,0.0,8.0,5.0,0.21212121212121213,0.14705882352941177
java,org.apache.commons.collections4,MultiSet,171.0,0.0,19.0,19.0,0.0,-1.0
java,org.apache.commons.collections4,Entry,6.0,0.0,4.0,4.0,0.0,-1.0
java,org.apache.commons.collections4,Factory,1.0,0.0,2.0,1.0,0.0,-1.0
java,org.apache.commons.collections4,MultiMapUtils,66.0,0.0,12.0,12.0,0.9090909090909091,0.9166666666666666
java,org.apache.commons.collections4,ArrayStack,28.0,0.0,8.0,8.0,1.1428571428571428,1.0
java,org.apache.commons.collections4.collection,AbstractCollectionDecorator,168.0,165.0,17.0,2.0,0.9722222222222222,0.10526315789473684
java,org.apache.commons.collections4.collection,UnmodifiableCollection,45.0,0.0,10.0,10.0,1.1111111111111112,1.0
java,org.apache.commons.collections4.collection,CompositeCollection,263.0,120.0,11.0,6.0,0.7738095238095238,0.20689655172413793
java,org.apache.commons.collections4.collection,CollectionMutator,3.0,0.0,3.0,3.0,0.0,-1.0
java,org.apache.commons.collections4.collection,TransformedCollection,15.0,9.0,4.0,3.0,0.8333333333333334,0.42857142857142855
java,org.apache.commons.collections4.collection,SynchronizedCollection,55.0,0.0,3.0,2.0,0.7,0.09523809523809523
java,org.apache.commons.collections4.collection,UnmodifiableBoundedCollection,91.0,0.0,14.0,11.0,1.0769230769230769,0.7857142857142857
java,org.apache.commons.collections4.collection,IndexedCollection,99.0,62.0,8.0,1.0,0.8125,0.0
java,org.apache.commons.collections4.collection,PredicatedCollection,154.0,98.0,11.0,8.0,0.86,0.3333333333333333
java,org.apache.commons.collections4.collection,Builder,69.0,47.0,7.0,1.0,0.6923076923076923,0.0
java,org.apache.commons.collections4.set,PredicatedSortedSet,36.0,0.0,9.0,3.0,1.125,0.3333333333333333
java,org.apache.commons.collections4.set,UnmodifiableSet,45.0,0.0,10.0,10.0,1.1111111111111112,1.0
java,org.apache.commons.collections4.set,CompositeSet,337.0,239.0,15.0,7.0,0.8160919540229885,0.23333333333333334
java,org.apache.commons.collections4.set,SetMutator,3.0,0.0,3.0,3.0,0.0,-1.0
java,org.apache.commons.collections4.set,AbstractSetDecorator,10.0,0.0,5.0,3.0,1.25,0.6
java,org.apache.commons.collections4.set,UnmodifiableSortedSet,105.0,0.0,15.0,15.0,1.0714285714285714,1.0
java,org.apache.commons.collections4.set,AbstractNavigableSetDecorator,91.0,0.0,14.0,3.0,1.0769230769230769,0.21428571428571427
java,org.apache.commons.collections4.set,MapBackedSet,0.0,0.0,1.0,1.0,0.6296296296296295,0.0
java,org.apache.commons.collections4.set,AbstractSerializableSetDecorator,3.0,0.0,3.0,3.0,1.5,1.0
java,org.apache.commons.collections4.set,TransformedSet,10.0,0.0,5.0,5.0,1.25,0.6
java,org.apache.commons.collections4.set,AbstractSortedSetDecorator,36.0,0.0,9.0,3.0,1.125,0.3333333333333333
java,org.apache.commons.collections4.set,PredicatedNavigableSet,91.0,0.0,14.0,3.0,1.0769230769230769,0.21428571428571427
java,org.apache.commons.collections4.set,ListOrderedSet,208.0,38.0,5.0,4.0,0.7870370370370371,0.14285714285714285
java,org.apache.commons.collections4.set,OrderedSetIterator,6.0,2.0,2.0,2.0,0.625,0.4
java,org.apache.commons.collections4.set,TransformedNavigableSet,105.0,0.0,15.0,3.0,1.0714285714285714,0.2
java,org.apache.commons.collections4.set,TransformedSortedSet,45.0,0.0,10.0,4.0,1.1111111111111112,0.4
java,org.apache.commons.collections4.set,UnmodifiableNavigableSet,231.0,0.0,22.0,22.0,1.0476190476190477,1.0
java,org.apache.commons.collections4.set,PredicatedSet,10.0,0.0,5.0,3.0,1.25,0.4
java,org.apache.commons.collections4.bag,CollectionBag,55.0,0.0,11.0,9.0,1.1,0.8181818181818182
java,org.apache.commons.collections4.bag,UnmodifiableBag,105.0,0.0,15.0,15.0,1.0714285714285714,1.0
java,org.apache.commons.collections4.bag,AbstractMapBag,349.0,103.0,6.0,3.0,0.8315508021390374,0.08571428571428572
java,org.apache.commons.collections4.bag,BagIterator,0.0,0.0,1.0,1.0,0.3333333333333333,0.0
java,org.apache.commons.collections4.bag,MutableInteger,0.0,0.0,1.0,1.0,-0.0,0.0
java,org.apache.commons.collections4.bag,TreeBag,55.0,0.0,11.0,6.0,1.1,0.5454545454545454
java,org.apache.commons.collections4.bag,PredicatedBag,36.0,0.0,9.0,3.0,1.125,0.2222222222222222
java,org.apache.commons.collections4.bag,HashBag,10.0,0.0,5.0,5.0,1.25,1.0
java,org.apache.commons.collections4.bag,TransformedBag,45.0,0.0,10.0,6.0,1.1111111111111112,0.3
java,org.apache.commons.collections4.bag,UnmodifiableSortedBag,105.0,0.0,15.0,15.0,1.0714285714285714,1.0
java,org.apache.commons.collections4.bag,PredicatedSortedBag,15.0,0.0,6.0,3.0,1.2,0.5
java,org.apache.commons.collections4.bag,TransformedSortedBag,21.0,0.0,7.0,4.0,1.1666666666666667,0.5714285714285714
java,org.apache.commons.collections4.bag,SynchronizedBag,55.0,0.0,11.0,11.0,1.1,0.36363636363636365
java,org.apache.commons.collections4.bag,SynchronizedBagSet,0.0,0.0,1.0,1.0,0.0,0.0
java,org.apache.commons.collections4.bag,AbstractSortedBagDecorator,15.0,0.0,6.0,3.0,1.2,0.5
java,org.apache.commons.collections4.bag,AbstractBagDecorator,36.0,0.0,9.0,3.0,1.125,0.3333333333333333
java,org.apache.commons.collections4.bag,SynchronizedSortedBag,21.0,0.0,7.0,7.0,1.1666666666666667,1.0
java,org.apache.commons.collections4.bag,CollectionSortedBag,55.0,0.0,11.0,9.0,1.1,0.8181818181818182
java,org.apache.commons.collections4.multimap,UnmodifiableMultiValuedMap,120.0,0.0,16.0,16.0,1.0666666666666667,0.8125
java,org.apache.commons.collections4.multimap,AbstractMultiValuedMapDecorator,270.0,264.0,21.0,1.0,0.9565217391304348,0.0
java,org.apache.commons.collections4.multimap,LinkedHashSetValuedLinkedHashMap,25.0,22.0,6.0,6.0,0.8571428571428571,0.375
java,org.apache.commons.collections4.multimap,ArrayListValuedHashMap,33.0,30.0,7.0,7.0,0.875,0.4444444444444444
java,org.apache.commons.collections4.multimap,AbstractListValuedMap,356.0,216.0,12.0,10.0,0.7204301075268817,0.3125
java,org.apache.commons.collections4.multimap,ValuesListIterator,0.0,0.0,1.0,1.0,0.4666666666666667,0.0
java,org.apache.commons.collections4.multimap,WrappedList,91.0,0.0,14.0,4.0,0.0,0.0
java,org.apache.commons.collections4.multimap,HashSetValuedHashMap,25.0,22.0,6.0,6.0,0.8571428571428571,0.375
java,org.apache.commons.collections4.multimap,ArrayListValuedLinkedHashMap,33.0,30.0,7.0,7.0,0.875,0.4444444444444444
java,org.apache.commons.collections4.multimap,AbstractSetValuedMap,45.0,0.0,10.0,8.0,0.0,0.6
java,org.apache.commons.collections4.multimap,WrappedSet,3.0,0.0,3.0,3.0,0.0,1.0
java,org.apache.commons.collections4.multimap,TransformedMultiValuedMap,23.0,10.0,4.0,1.0,0.75,0.0
java,org.apache.commons.collections4.multimap,AbstractMultiValuedMap,3654.0,3122.0,41.0,20.0,0.9505494505494505,0.1956521739130435
java,org.apache.commons.collections4.multimap,AsMap,108.0,63.0,9.0,9.0,0.47058823529411764,0.5
java,org.apache.commons.collections4.multimap,AsMapEntrySet,10.0,0.0,5.0,4.0,0.0,0.8
java,org.apache.commons.collections4.multimap,AsMapEntrySetIterator,1.0,0.0,2.0,2.0,0.0,1.0
java,org.apache.commons.collections4.multimap,EntryValues,2.0,1.0,2.0,2.0,0.75,0.6666666666666666
java,org.apache.commons.collections4.multimap,KeysMultiSet,36.0,0.0,9.0,9.0,0.0,1.0
java,org.apache.commons.collections4.multimap,MapEntryTransformer,3.0,0.0,3.0,3.0,0.0,1.0
java,org.apache.commons.collections4.multimap,MultiValuedMapEntry,1.0,0.0,2.0,2.0,0.0,1.0
java,org.apache.commons.collections4.multimap,MultiValuedMapIterator,9.0,0.0,1.0,1.0,0.5,0.0
java,org.apache.commons.collections4.multimap,Values,3.0,0.0,3.0,3.0,0.0,1.0
java,org.apache.commons.collections4.multimap,ValuesIterator,0.0,0.0,1.0,1.0,0.4444444444444445,0.0
java,org.apache.commons.collections4.multimap,WrappedCollection,84.0,48.0,8.0,1.0,0.4666666666666667,0.0
java,org.apache.commons.collections4.properties,OrderedPropertiesFactory,1.0,0.0,2.0,2.0,2.0,1.0
java,org.apache.commons.collections4.properties,PropertiesFactory,820.0,0.0,41.0,41.0,1.025,1.0
java,org.apache.commons.collections4.properties,EmptyProperties,741.0,0.0,39.0,39.0,1.0263157894736843,1.0
java,org.apache.commons.collections4.properties,AbstractPropertiesFactory,66.0,0.0,12.0,5.0,0.0,0.4166666666666667
java,org.apache.commons.collections4.properties,SortedProperties,3.0,0.0,3.0,1.0,1.5,0.0
java,org.apache.commons.collections4.properties,SortedPropertiesFactory,1.0,0.0,2.0,2.0,2.0,1.0
java,org.apache.commons.collections4.properties,OrderedProperties,14.0,0.0,2.0,2.0,0.5714285714285714,0.13333333333333333
java,org.apache.commons.collections4.bidimap,DualLinkedHashBidiMap,15.0,0.0,6.0,6.0,1.2,0.5
java,org.apache.commons.collections4.bidimap,DualHashBidiMap,15.0,0.0,6.0,6.0,1.2,0.5
java,org.apache.commons.collections4.bidimap,AbstractOrderedBidiMapDecorator,28.0,0.0,8.0,2.0,0.0,0.25
java,org.apache.commons.collections4.bidimap,UnmodifiableBidiMap,66.0,66.0,12.0,12.0,1.0,1.0
java,org.apache.commons.collections4.bidimap,UnmodifiableSortedBidiMap,105.0,105.0,15.0,15.0,1.0,1.0
java,org.apache.commons.collections4.bidimap,AbstractSortedBidiMapDecorator,28.0,0.0,8.0,2.0,0.0,0.25
java,org.apache.commons.collections4.bidimap,DualTreeBidiMap,700.0,620.0,22.0,20.0,0.8803418803418804,0.2
java,org.apache.commons.collections4.bidimap,BidiOrderedMapIterator,11.0,0.0,1.0,1.0,0.4666666666666667,0.0
java,org.apache.commons.collections4.bidimap,ViewMap,36.0,0.0,9.0,3.0,0.0,0.3333333333333333
java,org.apache.commons.collections4.bidimap,UnmodifiableOrderedBidiMap,78.0,78.0,13.0,12.0,1.0,0.9230769230769231
java,org.apache.commons.collections4.bidimap,AbstractDualBidiMap,1155.0,294.0,14.0,14.0,0.9377777777777777,0.078125
java,org.apache.commons.collections4.bidimap,BidiMapIterator,7.0,0.0,1.0,1.0,0.53125,0.0
java,org.apache.commons.collections4.bidimap,EntrySet,3.0,0.0,3.0,3.0,1.5,0.0
java,org.apache.commons.collections4.bidimap,EntrySetIterator,0.0,0.0,1.0,1.0,0.33333333333333326,0.0
java,org.apache.commons.collections4.bidimap,KeySet,6.0,0.0,4.0,4.0,1.3333333333333333,0.0
java,org.apache.commons.collections4.bidimap,KeySetIterator,1.0,0.0,1.0,1.0,0.5,0.0
java,org.apache.commons.collections4.bidimap,MapEntry,0.0,0.0,1.0,1.0,-0.0,0.0
java,org.apache.commons.collections4.bidimap,Values,6.0,0.0,4.0,4.0,1.3333333333333333,0.0
java,org.apache.commons.collections4.bidimap,ValuesIterator,1.0,0.0,1.0,1.0,0.5,0.0
java,org.apache.commons.collections4.bidimap,View,11.0,1.0,3.0,3.0,0.75,0.42857142857142855
java,org.apache.commons.collections4.bidimap,TreeBidiMap,11287.0,10639.0,65.0,30.0,0.9712787212787212,0.1870967741935484
java,org.apache.commons.collections4.bidimap,AbstractView,3.0,3.0,3.0,3.0,1.0,1.0
java,org.apache.commons.collections4.bidimap,AbstractViewIterator,1.0,0.0,1.0,1.0,0.31999999999999995,0.0
java,org.apache.commons.collections4.bidimap,EntryView,6.0,0.0,4.0,4.0,0.0,1.0
java,org.apache.commons.collections4.bidimap,Inverse,253.0,253.0,23.0,20.0,1.0,0.8695652173913043
java,org.apache.commons.collections4.bidimap,InverseEntryView,6.0,0.0,4.0,4.0,0.0,1.0
java,org.apache.commons.collections4.bidimap,InverseViewMapEntryIterator,6.0,0.0,4.0,4.0,0.0,1.0
java,org.apache.commons.collections4.bidimap,InverseViewMapIterator,15.0,0.0,6.0,6.0,0.0,0.8333333333333334
java,org.apache.commons.collections4.bidimap,KeyView,6.0,0.0,4.0,4.0,0.0,0.75
java,org.apache.commons.collections4.bidimap,Node,166.0,122.0,4.0,2.0,0.88125,0.09523809523809523
java,org.apache.commons.collections4.bidimap,ValueView,6.0,0.0,4.0,4.0,0.0,0.75
java,org.apache.commons.collections4.bidimap,ViewMapEntryIterator,3.0,0.0,3.0,3.0,0.0,1.0
java,org.apache.commons.collections4.bidimap,ViewMapIterator,15.0,0.0,6.0,6.0,0.0,0.8333333333333334
java,org.apache.commons.collections4.bidimap,AbstractBidiMapDecorator,21.0,0.0,7.0,2.0,0.0,0.2857142857142857
java,org.apache.commons.collections4.functors,IfTransformer,14.0,7.0,3.0,3.0,0.7916666666666666,0.42857142857142855
java,org.apache.commons.collections4.functors,ExceptionFactory,6.0,0.0,4.0,4.0,1.0,0.75
java,org.apache.commons.collections4.functors,MapTransformer,3.0,0.0,2.0,2.0,0.8333333333333334,0.5
java,org.apache.commons.collections4.functors,ExceptionClosure,6.0,0.0,4.0,4.0,1.0,0.75
java,org.apache.commons.collections4.functors,TransformerClosure,3.0,0.0,2.0,2.0,0.8333333333333334,0.5
java,org.apache.commons.collections4.functors,InstantiateFactory,4.0,0.0,2.0,2.0,0.5625,0.4
java,org.apache.commons.collections4.functors,NonePredicate,6.0,0.0,4.0,4.0,1.3333333333333333,1.0
java,org.apache.commons.collections4.functors,AbstractPredicate,0.0,0.0,1.0,1.0,0.0,0.0
java,org.apache.commons.collections4.functors,ClosureTransformer,3.0,0.0,2.0,2.0,0.8333333333333334,0.5
java,org.apache.commons.collections4.functors,IfClosure,21.0,14.0,4.0,3.0,0.8214285714285714,0.375
java,org.apache.commons.collections4.functors,IdentityPredicate,3.0,0.0,2.0,2.0,0.8333333333333334,0.5
java,org.apache.commons.collections4.functors,PrototypeFactory,11.0,1.0,4.0,4.0,0.7222222222222223,0.42857142857142855
java,org.apache.commons.collections4.functors,PrototypeCloneFactory,0.0,0.0,1.0,1.0,-0.0,0.0
java,org.apache.commons.collections4.functors,PrototypeSerializationFactory,0.0,0.0,1.0,1.0,-0.0,0.0
java,org.apache.commons.collections4.functors,NullIsExceptionPredicate,3.0,0.0,2.0,2.0,0.8333333333333334,0.5
java,org.apache.commons.collections4.functors,CloneTransformer,3.0,0.0,3.0,3.0,1.0,1.0
java,org.apache.commons.collections4.functors,InvokerTransformer,7.0,4.0,3.0,3.0,0.5,0.6
java,org.apache.commons.collections4.functors,TransformedPredicate,5.0,0.0,2.0,2.0,0.75,0.4
java,org.apache.commons.collections4.functors,WhileClosure,8.0,1.0,2.0,2.0,0.6,0.3333333333333333
java,org.apache.commons.collections4.functors,OrPredicate,3.0,0.0,2.0,2.0,0.6666666666666666,0.5
java,org.apache.commons.collections4.functors,CatchAndRethrowClosure,1.0,0.0,2.0,1.0,0.0,0.0
java,org.apache.commons.collections4.functors,SwitchClosure,21.0,14.0,4.0,4.0,0.8214285714285714,0.5
java,org.apache.commons.collections4.functors,ConstantFactory,3.0,0.0,2.0,2.0,0.888888888888889,0.5
java,org.apache.commons.collections4.functors,ChainedClosure,12.0,9.0,4.0,4.0,0.9,0.6666666666666666
java,org.apache.commons.collections4.functors,AndPredicate,3.0,0.0,2.0,2.0,0.6666666666666666,0.5
java,org.apache.commons.collections4.functors,NOPTransformer,6.0,0.0,4.0,4.0,1.0,0.75
java,org.apache.commons.collections4.functors,ComparatorPredicate,0.0,0.0,1.0,1.0,0.4166666666666667,0.0
java,org.apache.commons.collections4.functors,ExceptionPredicate,6.0,0.0,4.0,4.0,1.0,0.75
java,org.apache.commons.collections4.functors,NullIsFalsePredicate,3.0,0.0,2.0,2.0,0.8333333333333334,0.5
java,org.apache.commons.collections4.functors,StringValueTransformer,6.0,0.0,4.0,4.0,1.0,0.75
java,org.apache.commons.collections4.functors,ExceptionTransformer,6.0,0.0,4.0,4.0,1.0,0.75
java,org.apache.commons.collections4.functors,NotNullPredicate,6.0,0.0,4.0,4.0,1.0,0.75
java,org.apache.commons.collections4.functors,NotPredicate,3.0,0.0,2.0,2.0,0.8333333333333334,0.5
java,org.apache.commons.collections4.functors,ForClosure,5.0,0.0,2.0,2.0,0.5,0.4
java,org.apache.commons.collections4.functors,ChainedTransformer,12.0,9.0,4.0,4.0,0.9333333333333333,0.6666666666666666
java,org.apache.commons.collections4.functors,NullPredicate,6.0,0.0,4.0,4.0,1.0,0.75
java,org.apache.commons.collections4.functors,TruePredicate,6.0,0.0,4.0,4.0,1.0,0.75
java,org.apache.commons.collections4.functors,EqualPredicate,10.0,5.0,3.0,3.0,0.8,0.5
java,org.apache.commons.collections4.functors,FunctorUtils,45.0,0.0,10.0,10.0,0.0,1.0
java,org.apache.commons.collections4.functors,FactoryTransformer,3.0,0.0,2.0,2.0,0.8333333333333334,0.5
java,org.apache.commons.collections4.functors,NOPClosure,6.0,0.0,4.0,4.0,1.0,0.75
java,org.apache.commons.collections4.functors,TransformerPredicate,3.0,0.0,2.0,2.0,0.8333333333333334,0.5
java,org.apache.commons.collections4.functors,FalsePredicate,6.0,0.0,4.0,4.0,1.0,0.75
java,org.apache.commons.collections4.functors,AbstractQuantifierPredicate,0.0,0.0,1.0,1.0,1.0,0.0
java,org.apache.commons.collections4.functors,OnePredicate,6.0,0.0,4.0,4.0,1.3333333333333333,1.0
java,org.apache.commons.collections4.functors,AllPredicate,6.0,0.0,4.0,4.0,1.3333333333333333,1.0
java,org.apache.commons.collections4.functors,NullIsTruePredicate,3.0,0.0,2.0,2.0,0.8333333333333334,0.5
java,org.apache.commons.collections4.functors,UniquePredicate,3.0,3.0,3.0,3.0,1.25,1.0
java,org.apache.commons.collections4.functors,ConstantTransformer,18.0,15.0,5.0,2.0,0.9444444444444445,0.2857142857142857
java,org.apache.commons.collections4.functors,InstantiateTransformer,7.0,4.0,3.0,3.0,0.6666666666666666,0.6
java,org.apache.commons.collections4.functors,SwitchTransformer,21.0,14.0,4.0,4.0,0.8214285714285714,0.5
java,org.apache.commons.collections4.functors,InstanceofPredicate,3.0,0.0,2.0,2.0,0.8333333333333334,0.5
java,org.apache.commons.collections4.functors,PredicateDecorator,0.0,0.0,1.0,1.0,0.0,-1.0
java,org.apache.commons.collections4.functors,DefaultEquator,10.0,0.0,5.0,5.0,1.0,0.8
java,org.apache.commons.collections4.functors,PredicateTransformer,3.0,0.0,2.0,2.0,0.8333333333333334,0.5
java,org.apache.commons.collections4.functors,AnyPredicate,6.0,0.0,4.0,4.0,1.3333333333333333,1.0
java,org.apache.commons.collections4.bloomfilter,WrappedBloomFilter,0.0,0.0,1.0,1.0,-0.0,0.0
java,org.apache.commons.collections4.bloomfilter,IndexFilter,16.0,11.0,3.0,3.0,0.8333333333333334,0.42857142857142855
java,org.apache.commons.collections4.bloomfilter,ArrayTracker,0.0,0.0,1.0,1.0,0.5,0.0
java,org.apache.commons.collections4.bloomfilter,BitMapTracker,0.0,0.0,1.0,1.0,-0.0,0.0
java,org.apache.commons.collections4.bloomfilter,IndexExtractor,62.0,58.0,9.0,7.0,0.8484848484848485,-1.0
java,org.apache.commons.collections4.bloomfilter,Indices,0.0,0.0,1.0,1.0,-0.0,0.0
java,org.apache.commons.collections4.bloomfilter,BitMapExtractor,42.0,39.0,8.0,3.0,0.7777777777777778,-1.0
java,org.apache.commons.collections4.bloomfilter,Bits,0.0,0.0,1.0,1.0,-0.0,0.0
java,org.apache.commons.collections4.bloomfilter,BitMaps,45.0,0.0,10.0,4.0,0.8888888888888888,0.3
java,org.apache.commons.collections4.bloomfilter,CellExtractor,26.0,7.0,4.0,3.0,0.5555555555555556,-1.0
java,org.apache.commons.collections4.bloomfilter,CellPredicate,0.0,0.0,1.0,1.0,0.0,-1.0
java,org.apache.commons.collections4.bloomfilter,CounterCell,0.0,0.0,1.0,1.0,0.5,0.0
java,org.apache.commons.collections4.bloomfilter,CountingLongPredicate,0.0,0.0,1.0,1.0,0.16666666666666674,0.0
java,org.apache.commons.collections4.bloomfilter,LongBiPredicate,0.0,0.0,1.0,1.0,0.0,-1.0
java,org.apache.commons.collections4.bloomfilter,SimpleBloomFilter,80.0,24.0,5.0,4.0,0.6041666666666667,0.23529411764705882
java,org.apache.commons.collections4.bloomfilter,CountingPredicate,0.0,0.0,1.0,1.0,0.16666666666666674,0.0
java,org.apache.commons.collections4.bloomfilter,BloomFilterExtractor,28.0,0.0,8.0,2.0,0.0,-1.0
java,org.apache.commons.collections4.bloomfilter,IndexUtils,1.0,0.0,2.0,2.0,1.0,1.0
java,org.apache.commons.collections4.bloomfilter,LayeredBloomFilter,485.0,375.0,12.0,6.0,0.8774509803921569,0.17142857142857143
java,org.apache.commons.collections4.bloomfilter,Finder,1.0,0.0,1.0,1.0,0.625,0.0
java,org.apache.commons.collections4.bloomfilter,ArrayCountingBloomFilter,119.0,48.0,7.0,5.0,0.7192982456140351,0.25
java,org.apache.commons.collections4.bloomfilter,CountingBloomFilter,153.0,0.0,18.0,15.0,0.0,-1.0
java,org.apache.commons.collections4.bloomfilter,SetOperations,66.0,0.0,12.0,3.0,0.0,0.25
java,org.apache.commons.collections4.bloomfilter,BloomFilter,170.0,169.0,18.0,7.0,0.9444444444444444,-1.0
java,org.apache.commons.collections4.bloomfilter,Shape,98.0,0.0,6.0,2.0,0.6875,0.09523809523809523
java,org.apache.commons.collections4.bloomfilter,LayerManager,336.0,266.0,13.0,13.0,0.8973214285714286,0.41379310344827586
java,org.apache.commons.collections4.bloomfilter,Builder,4.0,0.0,1.0,1.0,0.5833333333333334,0.0
java,org.apache.commons.collections4.bloomfilter,Cleanup,10.0,0.0,5.0,5.0,0.0,1.0
java,org.apache.commons.collections4.bloomfilter,ExtendCheck,14.0,13.0,5.0,5.0,0.8,0.8333333333333334
java,org.apache.commons.collections4.bloomfilter,Hasher,0.0,0.0,1.0,1.0,0.0,-1.0
java,org.apache.commons.collections4.bloomfilter,EnhancedDoubleHasher,14.0,0.0,3.0,2.0,0.42857142857142855,0.25
java,org.apache.commons.collections4.bloomfilter,SparseBloomFilter,81.0,9.0,6.0,6.0,0.5,0.2777777777777778
java,org.apache.commons.collections4.splitmap,TransformedSplitMap,47.0,39.0,7.0,4.0,0.8666666666666666,0.2727272727272727
java,org.apache.commons.collections4.splitmap,AbstractIterableGetMapDecorator,119.0,118.0,15.0,3.0,0.9333333333333333,0.1875
java,org.apache.commons.collections4.queue,AbstractQueueDecorator,28.0,0.0,8.0,3.0,1.1428571428571428,0.375
java,org.apache.commons.collections4.queue,TransformedQueue,36.0,0.0,9.0,4.0,1.125,0.2222222222222222
java,org.apache.commons.collections4.queue,CircularFifoQueue,172.0,68.0,9.0,4.0,0.7632850241545894,0.16666666666666666
java,org.apache.commons.collections4.queue,PredicatedQueue,28.0,0.0,8.0,3.0,1.1428571428571428,0.25
java,org.apache.commons.collections4.queue,SynchronizedQueue,55.0,0.0,11.0,11.0,1.1,0.36363636363636365
java,org.apache.commons.collections4.queue,UnmodifiableQueue,105.0,0.0,15.0,15.0,1.0714285714285714,1.0
java,org.apache.commons.collections4.iterators,UnmodifiableListIterator,30.0,0.0,4.0,4.0,0.2727272727272727,0.3333333333333333
java,org.apache.commons.collections4.iterators,FilterListIterator,159.0,108.0,5.0,5.0,0.8214285714285715,0.23809523809523808
java,org.apache.commons.collections4.iterators,IteratorIterable,0.0,0.0,1.0,1.0,0.4166666666666667,0.0
java,org.apache.commons.collections4.iterators,EmptyIterator,3.0,0.0,3.0,3.0,1.0,1.0
java,org.apache.commons.collections4.iterators,AbstractMapIteratorDecorator,0.0,0.0,1.0,1.0,-0.0,0.0
java,org.apache.commons.collections4.iterators,AbstractListIteratorDecorator,0.0,0.0,1.0,1.0,-0.0,0.0
java,org.apache.commons.collections4.iterators,ListIteratorWrapper,0.0,0.0,1.0,1.0,0.6428571428571429,0.0
java,org.apache.commons.collections4.iterators,AbstractEmptyIterator,55.0,0.0,11.0,11.0,0.0,1.0
java,org.apache.commons.collections4.iterators,SingletonListIterator,19.0,0.0,2.0,2.0,0.55,0.18181818181818182
java,org.apache.commons.collections4.iterators,IteratorOperations,10.0,0.0,5.0,5.0,0.0,-1.0
java,org.apache.commons.collections4.iterators,ObjectArrayListIterator,49.0,43.0,8.0,7.0,0.7,0.18181818181818182
java,org.apache.commons.collections4.iterators,EmptyOrderedMapIterator,1.0,0.0,2.0,2.0,1.0,1.0
java,org.apache.commons.collections4.iterators,PeekingIterator,6.0,0.0,1.0,1.0,0.5,0.0
java,org.apache.commons.collections4.iterators,CartesianProductIterator,3.0,0.0,2.0,2.0,0.6666666666666666,0.5
java,org.apache.commons.collections4.iterators,LoopingListIterator,24.0,0.0,2.0,1.0,0.375,0.0
java,org.apache.commons.collections4.iterators,ArrayIterator,34.0,13.0,3.0,2.0,0.7,0.18181818181818182
java,org.apache.commons.collections4.iterators,BoundedIterator,1.0,0.0,1.0,1.0,0.4,0.0
java,org.apache.commons.collections4.iterators,EmptyOrderedIterator,1.0,0.0,2.0,2.0,1.0,1.0
java,org.apache.commons.collections4.iterators,NodeListIterator,4.0,0.0,2.0,2.0,0.5,0.4
java,org.apache.commons.collections4.iterators,PermutationIterator,3.0,0.0,2.0,2.0,0.5833333333333334,0.5
java,org.apache.commons.collections4.iterators,EmptyListIterator,3.0,0.0,3.0,3.0,1.0,1.0
java,org.apache.commons.collections4.iterators,UnmodifiableOrderedMapIterator,17.0,0.0,3.0,3.0,0.2222222222222222,0.3
java,org.apache.commons.collections4.iterators,IteratorEnumeration,5.0,0.0,2.0,2.0,0.2,0.3333333333333333
java,org.apache.commons.collections4.iterators,ObjectArrayIterator,26.0,7.0,2.0,2.0,0.6944444444444444,0.2
java,org.apache.commons.collections4.iterators,IteratorChain,72.0,53.0,5.0,2.0,0.7692307692307693,0.14285714285714285
java,org.apache.commons.collections4.iterators,EntrySetMapIterator,8.0,0.0,1.0,1.0,0.59375,0.0
java,org.apache.commons.collections4.iterators,SkippingIterator,0.0,0.0,1.0,1.0,0.16666666666666666,0.0
java,org.apache.commons.collections4.iterators,UnmodifiableIterator,4.0,0.0,2.0,2.0,0.25,0.4
java,org.apache.commons.collections4.iterators,LazyIteratorChain,4.0,0.0,2.0,1.0,0.625,0.0
java,org.apache.commons.collections4.iterators,CollatingIterator,154.0,77.0,5.0,3.0,0.7809523809523808,0.13636363636363635
java,org.apache.commons.collections4.iterators,FilterIterator,31.0,0.0,2.0,2.0,0.6136363636363636,0.16666666666666666
java,org.apache.commons.collections4.iterators,LoopingIterator,3.0,0.0,1.0,1.0,0.4,0.0
java,org.apache.commons.collections4.iterators,ArrayListIterator,49.0,43.0,8.0,7.0,0.7,0.18181818181818182
java,org.apache.commons.collections4.iterators,SingletonIterator,4.0,0.0,1.0,1.0,0.55,0.0
java,org.apache.commons.collections4.iterators,AbstractIteratorDecorator,1.0,0.0,2.0,2.0,0.0,1.0
java,org.apache.commons.collections4.iterators,ZippingIterator,12.0,9.0,3.0,3.0,0.8,0.5
java,org.apache.commons.collections4.iterators,EmptyMapIterator,1.0,0.0,2.0,2.0,1.0,1.0
java,org.apache.commons.collections4.iterators,PushbackIterator,7.0,0.0,2.0,2.0,0.5,0.3333333333333333
java,org.apache.commons.collections4.iterators,ObjectGraphIterator,10.0,0.0,1.0,1.0,0.7142857142857143,0.0
java,org.apache.commons.collections4.iterators,AbstractEmptyMapIterator,6.0,0.0,4.0,4.0,0.0,1.0
java,org.apache.commons.collections4.iterators,ReverseListIterator,0.0,0.0,1.0,1.0,0.5,0.0
java,org.apache.commons.collections4.iterators,UnmodifiableMapIterator,13.0,0.0,3.0,3.0,0.2857142857142857,0.375
java,org.apache.commons.collections4.iterators,TransformIterator,28.0,1.0,2.0,2.0,0.55,0.18181818181818182
java,org.apache.commons.collections4.iterators,EnumerationIterator,11.0,0.0,2.0,2.0,0.6190476190476192,0.25
java,org.apache.commons.collections4.iterators,AbstractOrderedMapIteratorDecorator,0.0,0.0,1.0,1.0,-0.0,0.0
java,org.apache.commons.collections4.iterators,UniqueFilterIterator,0.0,0.0,1.0,1.0,0.0,0.0
java,org.apache.commons.collections4.iterators,ExtendedIterator,60.0,42.0,7.0,7.0,0.6666666666666666,0.5384615384615384
java,org.apache.commons.collections4.iterators,AbstractUntypedIteratorDecorator,0.0,0.0,1.0,1.0,-0.0,0.0
java,org.apache.commons.collections4.map,ListOrderedMap,1817.0,1078.0,25.0,23.0,0.926559356136821,0.18055555555555555
java,org.apache.commons.collections4.map,EntrySetView,45.0,24.0,6.0,6.0,0.7878787878787878,0.5
java,org.apache.commons.collections4.map,KeySetView,5.0,0.0,2.0,2.0,0.2,0.3333333333333333
java,org.apache.commons.collections4.map,ListOrderedIterator,0.0,0.0,1.0,1.0,0.25,0.0
java,org.apache.commons.collections4.map,ListOrderedMapEntry,0.0,0.0,1.0,1.0,-0.0,0.0
java,org.apache.commons.collections4.map,ListOrderedMapIterator,10.0,0.0,1.0,1.0,0.425,0.0
java,org.apache.commons.collections4.map,ValuesView,8.0,0.0,2.0,2.0,0.125,0.2222222222222222
java,org.apache.commons.collections4.map,StaticBucketMap,700.0,497.0,15.0,10.0,0.8476190476190476,0.23255813953488372
java,org.apache.commons.collections4.map,BaseIterator,1.0,0.0,1.0,1.0,0.6666666666666666,0.0
java,org.apache.commons.collections4.map,EntryIterator,0.0,0.0,1.0,1.0,0.0,0.0
java,org.apache.commons.collections4.map,EntrySet,10.0,0.0,5.0,5.0,0.0,1.0
java,org.apache.commons.collections4.map,KeyIterator,0.0,0.0,1.0,1.0,0.0,0.0
java,org.apache.commons.collections4.map,KeySet,10.0,0.0,5.0,5.0,0.0,1.0
java,org.apache.commons.collections4.map,Lock,0.0,0.0,1.0,1.0,0.0,-1.0
java,org.apache.commons.collections4.map,Node,2.0,0.0,2.0,2.0,0.6666666666666666,0.0
java,org.apache.commons.collections4.map,ValueIterator,0.0,0.0,1.0,1.0,0.0,0.0
java,org.apache.commons.collections4.map,Values,3.0,0.0,3.0,3.0,0.0,1.0
java,org.apache.commons.collections4.map,TransformedSortedMap,45.0,0.0,10.0,4.0,1.1111111111111112,0.0
java,org.apache.commons.collections4.map,TransformedMap,48.0,30.0,6.0,3.0,0.7878787878787878,0.25
java,org.apache.commons.collections4.map,PredicatedMap,26.0,16.0,5.0,3.0,0.7916666666666667,0.3333333333333333
java,org.apache.commons.collections4.map,AbstractIterableMap,0.0,0.0,1.0,1.0,0.0,0.0
java,org.apache.commons.collections4.map,UnmodifiableOrderedMap,66.0,0.0,12.0,12.0,1.0909090909090908,1.0
java,org.apache.commons.collections4.map,AbstractSortedMapDecorator,120.0,0.0,16.0,8.0,0.0,0.5
java,org.apache.commons.collections4.map,SortedMapIterator,6.0,0.0,4.0,4.0,0.0,0.5
java,org.apache.commons.collections4.map,CaseInsensitiveMap,28.0,0.0,8.0,8.0,1.1428571428571428,1.0
java,org.apache.commons.collections4.map,PassiveExpiringMap,477.0,458.0,23.0,9.0,0.9548387096774194,0.125
java,org.apache.commons.collections4.map,ConstantTimeToLiveExpirationPolicy,5.0,4.0,3.0,3.0,1.0,0.75
java,org.apache.commons.collections4.map,ExpirationPolicy,0.0,0.0,1.0,1.0,0.0,-1.0
java,org.apache.commons.collections4.map,AbstractReferenceMap,2490.0,2130.0,28.0,19.0,0.9411764705882354,0.14473684210526316
java,org.apache.commons.collections4.map,ReferenceBaseIterator,9.0,0.0,1.0,1.0,0.7222222222222223,0.0
java,org.apache.commons.collections4.map,ReferenceEntry,27.0,0.0,4.0,3.0,0.3,0.18181818181818182
java,org.apache.commons.collections4.map,ReferenceEntrySet,3.0,0.0,3.0,3.0,0.0,1.0
java,org.apache.commons.collections4.map,ReferenceEntrySetIterator,1.0,0.0,2.0,2.0,0.0,1.0
java,org.apache.commons.collections4.map,ReferenceKeySet,3.0,0.0,3.0,3.0,0.0,1.0
java,org.apache.commons.collections4.map,ReferenceKeySetIterator,1.0,0.0,2.0,2.0,0.0,1.0
java,org.apache.commons.collections4.map,ReferenceMapIterator,10.0,0.0,5.0,5.0,0.0,1.0
java,org.apache.commons.collections4.map,ReferenceValues,3.0,0.0,3.0,3.0,0.0,1.0
java,org.apache.commons.collections4.map,ReferenceValuesIterator,1.0,0.0,2.0,2.0,0.0,1.0
java,org.apache.commons.collections4.map,SoftRef,0.0,0.0,1.0,1.0,-0.0,0.0
java,org.apache.commons.collections4.map,WeakRef,0.0,0.0,1.0,1.0,-0.0,0.0
java,org.apache.commons.collections4.map,LRUMap,213.0,126.0,11.0,5.0,0.8333333333333334,0.16
java,org.apache.commons.collections4.map,HashedMap,21.0,0.0,7.0,7.0,1.1666666666666667,1.0
java,org.apache.commons.collections4.map,DefaultedMap,35.0,34.0,8.0,8.0,1.0,0.3333333333333333
java,org.apache.commons.collections4.map,AbstractMapDecorator,152.0,151.0,17.0,2.0,0.9411764705882353,0.1111111111111111
java,org.apache.commons.collections4.map,FixedSizeSortedMap,136.0,0.0,17.0,13.0,1.0625,0.7647058823529411
java,org.apache.commons.collections4.map,ReferenceMap,21.0,0.0,7.0,7.0,1.1666666666666667,0.5714285714285714
java,org.apache.commons.collections4.map,UnmodifiableSortedMap,136.0,0.0,17.0,17.0,1.0625,1.0
java,org.apache.commons.collections4.map,UnmodifiableEntrySet,136.0,0.0,17.0,17.0,1.0625,1.0
java,org.apache.commons.collections4.map,UnmodifiableEntry,1.0,0.0,2.0,2.0,0.0,1.0
java,org.apache.commons.collections4.map,UnmodifiableEntrySetIterator,3.0,0.0,3.0,3.0,0.0,1.0
java,org.apache.commons.collections4.map,SingletonMap,1044.0,863.0,21.0,14.0,0.9081632653061225,0.26
java,org.apache.commons.collections4.map,SingletonMapIterator,26.0,0.0,2.0,2.0,0.5666666666666667,0.18181818181818182
java,org.apache.commons.collections4.map,SingletonValues,12.0,9.0,4.0,4.0,0.9,0.6666666666666666
java,org.apache.commons.collections4.map,UnmodifiableMap,66.0,0.0,12.0,12.0,1.0909090909090908,0.6666666666666666
java,org.apache.commons.collections4.map,FixedSizeMap,78.0,0.0,13.0,13.0,1.0833333333333333,0.38461538461538464
java,org.apache.commons.collections4.map,Flat3Map,1218.0,291.0,13.0,11.0,0.891025641025641,0.07575757575757576
java,org.apache.commons.collections4.map,EntryIterator,0.0,0.0,1.0,1.0,0.3333333333333333,0.0
java,org.apache.commons.collections4.map,EntrySet,0.0,0.0,1.0,1.0,-0.0,0.0
java,org.apache.commons.collections4.map,EntrySetIterator,1.0,0.0,2.0,2.0,0.0,1.0
java,org.apache.commons.collections4.map,FlatMapEntry,0.0,0.0,1.0,1.0,0.380952380952381,0.0
java,org.apache.commons.collections4.map,FlatMapIterator,4.0,0.0,1.0,1.0,0.29166666666666663,0.0
java,org.apache.commons.collections4.map,KeySet,0.0,0.0,1.0,1.0,-0.0,0.0
java,org.apache.commons.collections4.map,KeySetIterator,1.0,0.0,2.0,2.0,0.0,1.0
java,org.apache.commons.collections4.map,Values,0.0,0.0,1.0,1.0,-0.0,0.0
java,org.apache.commons.collections4.map,ValuesIterator,1.0,0.0,2.0,2.0,0.0,1.0
java,org.apache.commons.collections4.map,PredicatedSortedMap,36.0,0.0,9.0,3.0,1.125,0.0
java,org.apache.commons.collections4.map,ConcurrentReferenceHashMap,6383.0,4510.0,44.0,32.0,0.9708426339285714,0.17054263565891473
java,org.apache.commons.collections4.map,Builder,84.0,77.0,7.0,1.0,0.9423076923076923,0.0
java,org.apache.commons.collections4.map,CachedEntryIterator,0.0,0.0,1.0,1.0,0.0,0.0
java,org.apache.commons.collections4.map,EntryIterator,0.0,0.0,1.0,1.0,0.0,0.0
java,org.apache.commons.collections4.map,EntrySet,20.0,19.0,6.0,6.0,0.8333333333333334,0.8571428571428571
java,org.apache.commons.collections4.map,HashEntry,20.0,12.0,3.0,2.0,0.7857142857142857,0.25
java,org.apache.commons.collections4.map,HashIterator,10.0,5.0,2.0,1.0,0.8,0.0
java,org.apache.commons.collections4.map,InitializableEntry,2.0,0.0,1.0,1.0,0.5,0.0
java,org.apache.commons.collections4.map,KeyIterator,1.0,0.0,2.0,2.0,0.0,0.0
java,org.apache.commons.collections4.map,KeyReference,1.0,0.0,2.0,2.0,0.0,-1.0
java,org.apache.commons.collections4.map,KeySet,15.0,0.0,6.0,6.0,0.0,1.0
java,org.apache.commons.collections4.map,Segment,221.0,166.0,10.0,2.0,0.8782608695652173,0.08333333333333333
java,org.apache.commons.collections4.map,SimpleEntry,9.0,0.0,2.0,1.0,0.35714285714285715,0.0
java,org.apache.commons.collections4.map,SoftKeyReference,2.0,1.0,2.0,2.0,0.5,0.6666666666666666
java,org.apache.commons.collections4.map,SoftValueReference,1.0,0.0,1.0,1.0,0.5,0.0
java,org.apache.commons.collections4.map,ValueIterator,1.0,0.0,2.0,2.0,0.0,0.0
java,org.apache.commons.collections4.map,Values,10.0,0.0,5.0,5.0,0.0,1.0
java,org.apache.commons.collections4.map,WeakKeyReference,2.0,1.0,2.0,2.0,0.5,0.6666666666666666
java,org.apache.commons.collections4.map,WeakValueReference,1.0,0.0,1.0,1.0,0.5,0.0
java,org.apache.commons.collections4.map,WriteThroughEntry,1.0,0.0,2.0,2.0,0.0,1.0
java,org.apache.commons.collections4.map,EntrySetToMapIteratorAdapter,27.0,18.0,4.0,3.0,0.75,0.3333333333333333
java,org.apache.commons.collections4.map,AbstractLinkedMap,889.0,650.0,18.0,18.0,0.8085106382978723,0.2916666666666667
java,org.apache.commons.collections4.map,EntrySetIterator,3.0,0.0,3.0,3.0,0.0,1.0
java,org.apache.commons.collections4.map,KeySetIterator,3.0,0.0,3.0,3.0,0.0,1.0
java,org.apache.commons.collections4.map,LinkEntry,0.0,0.0,3.0,3.0,0.0,0.0
java,org.apache.commons.collections4.map,LinkIterator,6.0,0.0,1.0,1.0,0.40625,0.0
java,org.apache.commons.collections4.map,LinkMapIterator,15.0,0.0,6.0,6.0,0.0,1.0
java,org.apache.commons.collections4.map,ValuesIterator,3.0,0.0,3.0,3.0,0.0,1.0
java,org.apache.commons.collections4.map,LinkedMap,420.0,375.0,22.0,21.0,0.8666666666666667,0.6774193548387096
java,org.apache.commons.collections4.map,LinkedMapList,126.0,81.0,10.0,10.0,0.5,0.5263157894736842
java,org.apache.commons.collections4.map,AbstractInputCheckedMapDecorator,50.0,22.0,8.0,6.0,0.9166666666666666,0.23076923076923078
java,org.apache.commons.collections4.map,EntrySet,0.0,0.0,1.0,1.0,0.6666666666666666,0.0
java,org.apache.commons.collections4.map,EntrySetIterator,0.0,0.0,1.0,1.0,-0.0,0.0
java,org.apache.commons.collections4.map,MapEntry,0.0,0.0,1.0,1.0,-0.0,0.0
java,org.apache.commons.collections4.map,AbstractHashedMap,3162.0,2229.0,22.0,13.0,0.9476702508960574,0.08791208791208792
java,org.apache.commons.collections4.map,EntrySet,0.0,0.0,1.0,1.0,-0.0,0.0
java,org.apache.commons.collections4.map,EntrySetIterator,1.0,0.0,2.0,2.0,0.0,1.0
java,org.apache.commons.collections4.map,HashEntry,16.0,11.0,3.0,3.0,0.8333333333333334,0.42857142857142855
java,org.apache.commons.collections4.map,HashIterator,5.0,0.0,1.0,1.0,0.6,0.0
java,org.apache.commons.collections4.map,HashMapIterator,10.0,0.0,5.0,5.0,0.0,1.0
java,org.apache.commons.collections4.map,KeySet,0.0,0.0,1.0,1.0,-0.0,0.0
java,org.apache.commons.collections4.map,KeySetIterator,1.0,0.0,2.0,2.0,0.0,1.0
java,org.apache.commons.collections4.map,Values,0.0,0.0,1.0,1.0,-0.0,0.0
java,org.apache.commons.collections4.map,ValuesIterator,1.0,0.0,2.0,2.0,0.0,1.0
java,org.apache.commons.collections4.map,MultiKeyMap,820.0,0.0,41.0,12.0,1.025,0.21951219512195122
java,org.apache.commons.collections4.map,MultiValueMap,554.0,478.0,17.0,14.0,0.925,0.2777777777777778
java,org.apache.commons.collections4.map,ReflectionFactory,0.0,0.0,1.0,1.0,0.75,0.0
java,org.apache.commons.collections4.map,Values,3.0,0.0,3.0,3.0,0.0,1.0
java,org.apache.commons.collections4.map,ValuesIterator,0.0,0.0,1.0,1.0,0.4444444444444445,0.0
java,org.apache.commons.collections4.map,ReferenceIdentityMap,55.0,0.0,11.0,11.0,1.1,0.7272727272727273
java,org.apache.commons.collections4.map,LazySortedMap,55.0,0.0,11.0,5.0,1.1,0.0
java,org.apache.commons.collections4.map,AbstractOrderedMapDecorator,28.0,0.0,8.0,3.0,0.0,0.375
java,org.apache.commons.collections4.map,CompositeMap,155.0,10.0,7.0,7.0,0.7916666666666666,0.28
java,org.apache.commons.collections4.map,MapMutator,3.0,0.0,3.0,3.0,0.0,-1.0
java,org.apache.commons.collections4.map,LazyMap,11.0,1.0,3.0,3.0,0.75,0.0
java,org.apache.commons.collections4.list,NodeCachingLinkedList,63.0,35.0,6.0,4.0,0.8307692307692308,0.21428571428571427
java,org.apache.commons.collections4.list,TransformedList,171.0,0.0,19.0,9.0,1.0555555555555556,0.3157894736842105
java,org.apache.commons.collections4.list,TransformedListIterator,3.0,0.0,3.0,3.0,0.0,1.0
java,org.apache.commons.collections4.list,GrowthList,21.0,0.0,7.0,7.0,1.1666666666666667,1.0
java,org.apache.commons.collections4.list,PredicatedList,153.0,0.0,18.0,6.0,1.0588235294117647,0.2222222222222222
java,org.apache.commons.collections4.list,PredicatedListIterator,3.0,0.0,3.0,3.0,0.0,1.0
java,org.apache.commons.collections4.list,UnmodifiableList,136.0,0.0,17.0,17.0,1.0625,1.0
java,org.apache.commons.collections4.list,FixedSizeList,325.0,0.0,26.0,14.0,1.04,0.5384615384615384
java,org.apache.commons.collections4.list,FixedSizeListIterator,3.0,0.0,3.0,3.0,0.0,1.0
java,org.apache.commons.collections4.list,AbstractLinkedList,2991.0,1977.0,23.0,10.0,0.8946629213483146,0.06666666666666667
java,org.apache.commons.collections4.list,LinkedListIterator,25.0,0.0,2.0,1.0,0.5636363636363636,0.0
java,org.apache.commons.collections4.list,LinkedSubList,22.0,0.0,2.0,1.0,0.46153846153846156,0.0
java,org.apache.commons.collections4.list,LinkedSubListIterator,5.0,0.0,2.0,2.0,0.2,0.3333333333333333
java,org.apache.commons.collections4.list,Node,19.0,2.0,1.0,1.0,0.625,0.0
java,org.apache.commons.collections4.list,AbstractSerializableListDecorator,3.0,0.0,3.0,3.0,1.5,1.0
java,org.apache.commons.collections4.list,LazyList,7.0,0.0,2.0,1.0,0.611111111111111,0.0
java,org.apache.commons.collections4.list,AbstractLinkedListJava21,3006.0,2007.0,24.0,11.0,0.8953651685393258,0.07777777777777778
java,org.apache.commons.collections4.list,LinkedListIterator,25.0,0.0,2.0,2.0,0.5636363636363636,0.16666666666666666
java,org.apache.commons.collections4.list,LinkedSubList,22.0,0.0,2.0,2.0,0.46153846153846156,0.14285714285714285
java,org.apache.commons.collections4.list,LinkedSubListIterator,5.0,0.0,2.0,2.0,0.2,0.3333333333333333
java,org.apache.commons.collections4.list,Node,19.0,2.0,1.0,1.0,0.625,0.0
java,org.apache.commons.collections4.list,AbstractListDecorator,105.0,0.0,15.0,3.0,1.0714285714285714,0.2
java,org.apache.commons.collections4.list,CursorableLinkedList,563.0,531.0,21.0,10.0,0.9362745098039216,0.17142857142857143
java,org.apache.commons.collections4.list,Cursor,29.0,22.0,4.0,3.0,0.7916666666666667,0.2222222222222222
java,org.apache.commons.collections4.list,SubCursor,5.0,0.0,2.0,2.0,0.2,0.3333333333333333
java,org.apache.commons.collections4.list,TreeList,1265.0,760.0,6.0,3.0,0.8610169491525423,0.05
java,org.apache.commons.collections4.list,AVLNode,238.0,0.0,3.0,2.0,0.7053571428571428,0.06060606060606061
java,org.apache.commons.collections4.list,TreeListIterator,9.0,0.0,1.0,1.0,0.5333333333333333,0.0
java,org.apache.commons.collections4.list,SetUniqueList,173.0,0.0,8.0,5.0,0.8735632183908045,0.06666666666666667
java,org.apache.commons.collections4.list,SetListIterator,1.0,0.0,1.0,1.0,0.5,0.0
java,org.apache.commons.collections4.list,SetListListIterator,6.0,0.0,1.0,1.0,0.5,0.0
java,org.apache.commons.collections4.keyvalue,DefaultKeyValue,36.0,0.0,9.0,9.0,0.0,0.7777777777777778
java,org.apache.commons.collections4.keyvalue,DefaultMapEntry,3.0,0.0,3.0,3.0,0.0,1.0
java,org.apache.commons.collections4.keyvalue,AbstractMapEntryDecorator,0.0,0.0,1.0,1.0,-0.0,0.0
java,org.apache.commons.collections4.keyvalue,UnmodifiableMapEntry,6.0,0.0,4.0,4.0,0.0,1.0
java,org.apache.commons.collections4.keyvalue,TiedMapEntry,11.0,1.0,3.0,1.0,0.7222222222222223,0.0
java,org.apache.commons.collections4.keyvalue,AbstractMapEntry,6.0,0.0,4.0,4.0,0.0,0.75
java,org.apache.commons.collections4.keyvalue,MultiKey,153.0,116.0,11.0,10.0,0.8596491228070174,0.5
java,org.apache.commons.collections4.keyvalue,AbstractKeyValue,9.0,3.0,2.0,1.0,0.6,0.0
java,org.apache.commons.collections4.sequence,EditScript,6.0,0.0,1.0,1.0,0.5,0.0
java,org.apache.commons.collections4.sequence,SequencesComparator,24.0,3.0,1.0,1.0,0.7222222222222222,0.0
java,org.apache.commons.collections4.sequence,Snake,3.0,0.0,1.0,1.0,0.6666666666666666,0.0
java,org.apache.commons.collections4.sequence,ReplacementsHandler,0.0,0.0,1.0,1.0,0.0,-1.0
java,org.apache.commons.collections4.sequence,DeleteCommand,1.0,0.0,2.0,2.0,0.0,1.0
java,org.apache.commons.collections4.sequence,EditCommand,2.0,1.0,2.0,2.0,0.5,0.6666666666666666
java,org.apache.commons.collections4.sequence,InsertCommand,1.0,0.0,2.0,2.0,0.0,1.0
java,org.apache.commons.collections4.sequence,KeepCommand,1.0,0.0,2.0,2.0,0.0,1.0
java,org.apache.commons.collections4.sequence,CommandVisitor,3.0,0.0,3.0,3.0,0.0,-1.0
java,org.apache.commons.collections4.sequence,ReplacementsFinder,1.0,0.0,1.0,1.0,0.5,0.0
java,org.apache.commons.collections4.multiset,UnmodifiableMultiSet,136.0,0.0,17.0,17.0,1.0625,1.0
java,org.apache.commons.collections4.multiset,PredicatedMultiSet,55.0,0.0,11.0,3.0,1.1,0.18181818181818182
java,org.apache.commons.collections4.multiset,HashMultiSet,6.0,0.0,4.0,4.0,1.3333333333333333,1.0
java,org.apache.commons.collections4.multiset,AbstractMapMultiSet,439.0,175.0,8.0,7.0,0.9024024024024023,0.07894736842105263
java,org.apache.commons.collections4.multiset,EntrySetIterator,0.0,0.0,1.0,1.0,0.5833333333333334,0.0
java,org.apache.commons.collections4.multiset,MapBasedMultiSetIterator,0.0,0.0,1.0,1.0,0.3333333333333333,0.0
java,org.apache.commons.collections4.multiset,MultiSetEntry,0.0,0.0,1.0,1.0,-0.0,0.0
java,org.apache.commons.collections4.multiset,MutableInteger,0.0,0.0,1.0,1.0,-0.0,0.0
java,org.apache.commons.collections4.multiset,UniqueSetIterator,1.0,0.0,1.0,1.0,0.5,0.0
java,org.apache.commons.collections4.multiset,AbstractMultiSetDecorator,55.0,0.0,11.0,3.0,1.1,0.2727272727272727
java,org.apache.commons.collections4.multiset,AbstractMultiSet,762.0,621.0,21.0,9.0,0.9259259259259258,0.16279069767441862
java,org.apache.commons.collections4.multiset,AbstractEntry,3.0,0.0,3.0,3.0,0.0,1.0
java,org.apache.commons.collections4.multiset,EntrySet,0.0,0.0,1.0,1.0,-0.0,0.0
java,org.apache.commons.collections4.multiset,MultiSetIterator,0.0,0.0,1.0,1.0,0.4000000000000001,0.0
java,org.apache.commons.collections4.multiset,UniqueSet,0.0,0.0,1.0,1.0,-0.0,0.0
java,org.apache.commons.collections4.multiset,SynchronizedMultiSet,78.0,0.0,13.0,13.0,1.0833333333333333,0.3076923076923077
java,org.apache.commons.collections4.multiset,SynchronizedSet,0.0,0.0,1.0,1.0,0.0,0.0
java,org.apache.commons.collections4.comparators,TransformingComparator,0.0,0.0,1.0,1.0,0.5,0.0
java,org.apache.commons.collections4.comparators,ComparatorChain,99.0,45.0,6.0,4.0,0.75,0.2222222222222222
java,org.apache.commons.collections4.comparators,ReverseComparator,4.0,0.0,2.0,2.0,0.75,0.4
java,org.apache.commons.collections4.comparators,NullComparator,7.0,0.0,2.0,2.0,0.611111111111111,0.2857142857142857
java,org.apache.commons.collections4.comparators,ComparableComparator,10.0,0.0,5.0,5.0,1.125,1.0
java,org.apache.commons.collections4.comparators,FixedOrderComparator,42.0,18.0,4.0,2.0,0.7636363636363637,0.16666666666666666
java,org.apache.commons.collections4.comparators,BooleanComparator,21.0,6.0,4.0,4.0,0.8125,0.2222222222222222
